{
  "backendHackathon": {
    "saude": 0.8046179898192567,
    "taxaDeAdesao": {
      "valor": 0.8481440355045649,
      "variacaoReferencia": 0.19162891706880358
    },
    "chartDate": {
      "labels": [
        1,
        2,
        3,
        4,
        5,
        6,
        7,
        8,
        9,
        10,
        11,
        12,
        13,
        14,
        15,
        16,
        17,
        18,
        19,
        20,
        21,
        22,
        23,
        24,
        25,
        26,
        27,
        28,
        29
      ],
      "values": [
        17.661122995531446,
        11.475737684046603,
        3.6542239012481015,
        14.023736561212923,
        0.14461750368653048,
        0.6489224527540038,
        4.946337972952806,
        0.8654604384954756,
        19.82137062231212,
        9.462087714178406,
        13.228197382795582,
        15.871556143685075,
        0.798865921476386,
        10.65616271781096,
        0.8303524329645162,
        18.66811228155549,
        3.948415112664392,
        19.086936177500498,
        12.513751024576452,
        1.9488996688947235,
        5.688202034808958,
        16.840893462576236,
        14.576580332475793,
        16.023074255858955,
        8.17161106114752,
        12.107025851664389,
        1.2609391233725553,
        11.851716070126226,
        11.700288430420333
      ]
    },
    "taxaDeEvasao": {
      "valor": 0.6029194556274219,
      "variacaoReferencia": 0.24249504093332808,
      "chartDate": {
        "labels": [
          1,
          2,
          3,
          4,
          5,
          6,
          7,
          8,
          9,
          10,
          11,
          12,
          13,
          14,
          15,
          16,
          17,
          18,
          19,
          20,
          21,
          22,
          23,
          24,
          25,
          26,
          27,
          28,
          29
        ],
        "values": [
          11.67568082947419,
          2.7807673745091464,
          15.432352048924091,
          19.730049506412346,
          6.014881154939294,
          24.591149045995383,
          28.0165040115093,
          1.9593031422191443,
          6.943537521475874,
          9.45454925167026,
          13.18336196922959,
          7.450067943249358,
          12.769020101705886,
          16.070876493160277,
          3.670279017890664,
          15.723591669199212,
          13.207313886416266,
          20.193683722409027,
          28.39496298370327,
          24.380239532150267,
          11.181929988963503,
          24.208505774613293,
          2.7473237953570138,
          16.787795216010892,
          26.503373410635767,
          13.485054652995826,
          17.947901211446844,
          1.8958053282372245,
          14.631879301835987
        ]
      }
    },
    "taxaDeResgate": {
      "valor": 0.6515140207106961,
      "variacaoReferencia": 0.847378844266203,
      "chartDate": {
        "labels": [
          1,
          2,
          3,
          4,
          5,
          6,
          7,
          8,
          9,
          10,
          11,
          12,
          13,
          14,
          15,
          16,
          17,
          18,
          19,
          20,
          21,
          22,
          23,
          24,
          25,
          26,
          27,
          28,
          29
        ],
        "values": [
          14.616497172535263,
          11.185588760084952,
          4.407974657818605,
          3.7169950367825066,
          13.07649562252375,
          6.138478474079716,
          19.557684754613874,
          18.66889229917022,
          18.2287525803191,
          12.61272204124113,
          14.811796625432716,
          12.499902570575665,
          8.468631574561197,
          5.690542046499074,
          2.6585501537182177,
          12.359062068879505,
          15.410716835759043,
          16.71633631102631,
          10.962460135402042,
          8.158472690334676,
          11.337621364787129,
          19.23455554340151,
          10.195551667585052,
          1.5957797274920527,
          11.834550602729001,
          16.68341717518284,
          15.890806535958049,
          2.162173652258066,
          18.75205207921897
        ]
      }
    },
    "ticketMedio": {
      "valor": 0.13264687076593318,
      "variacaoReferencia": 0.9588391531820708,
      "chartDate": {
        "labels": [
          1,
          2,
          3,
          4,
          5,
          6,
          7,
          8,
          9,
          10,
          11,
          12,
          13,
          14,
          15,
          16,
          17,
          18,
          19,
          20,
          21,
          22,
          23,
          24,
          25,
          26,
          27,
          28,
          29
        ],
        "values": [
          228.68096755239623,
          38.355094167241944,
          272.05896826906354,
          144.1272682390722,
          44.22132699976936,
          95.96436953354454,
          284.2949816379417,
          153.89633649862327,
          80.20682140714807,
          281.799713501718,
          10.383265303012369,
          145.43569351876647,
          223.2714428905382,
          292.30999895945644,
          245.61048025579817,
          280.8111951794091,
          87.58008436429,
          175.19948417305054,
          82.47831455435222,
          5.50014090845603,
          101.72803909420006,
          163.67485938843313,
          41.03234668778144,
          182.00313363588546,
          32.18104146909072,
          292.5645694936082,
          41.677287173353285,
          23.069581666242055,
          215.10293623944145
        ]
      }
    },
    "receitaTotal": {
      "valor": 0.19595313439090245,
      "variacaoReferencia": 0.17268522216404525,
      "chartDate": {
        "labels": [
          1,
          2,
          3,
          4,
          5,
          6,
          7,
          8,
          9,
          10,
          11,
          12,
          13,
          14,
          15,
          16,
          17,
          18,
          19,
          20,
          21,
          22,
          23,
          24,
          25,
          26,
          27,
          28,
          29
        ],
        "values": [
          4630.656866708864,
          16388.61046728678,
          29510.336659584827,
          25162.422957004102,
          42275.77573742238,
          37503.929765657755,
          53846.20094893989,
          43704.39067087507,
          39748.37629293618,
          26117.507173280886,
          47998.98704901013,
          36660.755332364344,
          17522.038459166833,
          23694.02340524535,
          5736.167253565736,
          4991.9149467263005,
          41783.67497992487,
          52856.46673436761,
          53651.954399669215,
          46995.64622554674,
          6199.5119008257525,
          31097.914091991872,
          6643.894772572422,
          5691.515201050928,
          49024.47711301206,
          52211.41623537282,
          61453.321841038705,
          38190.81854458436,
          51932.928595604666
        ]
      }
    },
    "volumeDeVendaFidelizadas": {
      "valor": 0.34635796102336136,
      "variacaoReferencia": 0.07132732151897636,
      "chartDate": {
        "labels": [
          1,
          2,
          3,
          4,
          5,
          6,
          7,
          8,
          9,
          10,
          11,
          12,
          13,
          14,
          15,
          16,
          17,
          18,
          19,
          20,
          21,
          22,
          23,
          24,
          25,
          26,
          27,
          28,
          29
        ],